{
	"class_name" : "PinholeCameraParameters",
	"extrinsic" : 
	[
		-0.95281821459430482,
		-0.0,
		-0.30354151270842933,
		0.0,
		0.0,
		-1.0,
		-0.0,
		0.0,
		-0.30354151270842933,
		-0.0,
		0.95281821459430482,
		0.0,
		26.554157813047858,
		118.38806819915771,
		6.8096057290651988,
		1.0
	],
	"intrinsic" : 
	{
		"height" : 513,
		"intrinsic_matrix" : 
		[
			444.27103214141704,
			0.0,
			0.0,
			0.0,
			444.27103214141704,
			0.0,
			477.5,
			256.0,
			1.0
		],
		"width" : 956
	},
	"version_major" : 1,
	"version_minor" : 0
}